{
  "name": "babel-preset-es2015",
  "version": "6.9.0",
  "description": "Babel preset for all es2015 plugins.",
  "author": {
    "name": "Sebastian McKenzie",
    "email": "sebmck@gmail.com"
  },
  "homepage": "https://babeljs.io/",
  "license": "MIT",
  "repository": {
    "type": "git",
    "url": "https://github.com/babel/babel/tree/master/packages/babel-preset-es2015"
  },
  "main": "index.js",
  "dependencies": {
    "babel-plugin-transform-es2015-template-literals": "^6.6.0",
    "babel-plugin-transform-es2015-literals": "^6.3.13",
    "babel-plugin-transform-es2015-function-name": "^6.9.0",
    "babel-plugin-transform-es2015-arrow-functions": "^6.3.13",
    "babel-plugin-transform-es2015-block-scoped-functions": "^6.3.13",
    "babel-plugin-transform-es2015-classes": "^6.9.0",
    "babel-plugin-transform-es2015-object-super": "^6.3.13",
    "babel-plugin-transform-es2015-shorthand-properties": "^6.3.13",
    "babel-plugin-transform-es2015-computed-properties": "^6.3.13",
    "babel-plugin-transform-es2015-duplicate-keys": "^6.6.0",
    "babel-plugin-transform-es2015-for-of": "^6.6.0",
    "babel-plugin-transform-es2015-sticky-regex": "^6.3.13",
    "babel-plugin-transform-es2015-unicode-regex": "^6.3.13",
    "babel-plugin-check-es2015-constants": "^6.3.13",
    "babel-plugin-transform-es2015-spread": "^6.3.13",
    "babel-plugin-transform-es2015-parameters": "^6.9.0",
    "babel-plugin-transform-es2015-destructuring": "^6.9.0",
    "babel-plugin-transform-es2015-block-scoping": "^6.9.0",
    "babel-plugin-transform-es2015-typeof-symbol": "^6.6.0",
    "babel-plugin-transform-es2015-modules-commonjs": "^6.6.0",
    "babel-plugin-transform-regenerator": "^6.9.0"
  },
  "devDependencies": {
    "babel-helper-transform-fixture-test-runner": "^6.9.0"
  },
  "_id": "babel-preset-es2015@6.9.0",
  "scripts": {},
  "_shasum": "95e4716ac4481dfb30999cb5c111814e1ada0f41",
  "_from": "babel-preset-es2015@>=6.3.13 <7.0.0",
  "_npmVersion": "3.8.6",
  "_nodeVersion": "5.1.0",
  "_npmUser": {
    "name": "hzoo",
    "email": "hi@henryzoo.com"
  },
  "maintainers": [
    {
      "name": "amasad",
      "email": "amjad.masad@gmail.com"
    },
    {
      "name": "hzoo",
      "email": "hi@henryzoo.com"
    },
    {
      "name": "jmm",
      "email": "npm-public@jessemccarthy.net"
    },
    {
      "name": "loganfsmyth",
      "email": "loganfsmyth@gmail.com"
    },
    {
      "name": "sebmck",
      "email": "sebmck@gmail.com"
    },
    {
      "name": "thejameskyle",
      "email": "me@thejameskyle.com"
    }
  ],
  "dist": {
    "shasum": "95e4716ac4481dfb30999cb5c111814e1ada0f41",
    "tarball": "https://registry.npmjs.org/babel-preset-es2015/-/babel-preset-es2015-6.9.0.tgz"
  },
  "_npmOperationalInternal": {
    "host": "packages-12-west.internal.npmjs.com",
    "tmp": "tmp/babel-preset-es2015-6.9.0.tgz_1463510982957_0.7945616322103888"
  },
  "directories": {},
  "_resolved": "https://registry.npmjs.org/babel-preset-es2015/-/babel-preset-es2015-6.9.0.tgz",
  "readme": "ERROR: No README data found!"
}
